{"epoch/accuracy": 0.9158878326416016, "epoch/loss": 0.27885475754737854, "epoch/val_accuracy": 0.8942307829856873, "epoch/val_loss": 0.42153051495552063, "epoch/epoch": 1, "_timestamp": 1712772278.51998, "_runtime": 908.3535659313202, "_step": 3, "train_performance_table": {"_type": "table-file", "sha256": "81d8348c2e55a7bfcad095c159730b3e7c1af6c590ae6c64d280f0f1d8da3c41", "size": 192, "artifact_path": "wandb-client-artifact://3eqrb4ddw698xi0xrkg32wsxu2dubxo9bpsxvj1tyk1ltvkl4kl2pmy4i8tyirx9zg1g7o7duqbtb58yigox7xsfz9nah2aerdm579l4oaizagpo3lx9qqpx5510407a:latest/train_performance_table.table.json", "_latest_artifact_path": "wandb-client-artifact://3eqrb4ddw698xi0xrkg32wsxu2dubxo9bpsxvj1tyk1ltvkl4kl2pmy4i8tyirx9zg1g7o7duqbtb58yigox7xsfz9nah2aerdm579l4oaizagpo3lx9qqpx5510407a:latest/train_performance_table.table.json", "path": "media/table/train_performance_table_2_81d8348c2e55a7bfcad0.table.json", "ncols": 3, "nrows": 4}, "Accuracy Test": 0.775}