{"epoch/accuracy": 1.0, "epoch/loss": 0.0002639695012476295, "epoch/val_accuracy": 0.8365384340286255, "epoch/val_loss": 0.733698308467865, "epoch/epoch": 10, "_timestamp": 1712774727.143377, "_runtime": 2000.7409031391144, "_step": 10}